{"Pre-train_training_task_loss": 0.38943731784820557, "epoch": 91, "_runtime": 12, "_timestamp": 1632746618, "_step": 1103, "Pre-train_training_task_measure": 100.0, "Pre-train_training_total_loss": 0.39002618193626404, "Pre-train_training_adversarial_loss": 0.5799603462219238, "Pre-train_training_orthogonal_loss": 0.00017821947403717786, "Pre-train_training_discriminator_accuracy": 100.0, "Pre-train_valid_task_loss": 1.364865779876709, "Pre-train_valid_task_measure": 48.0, "Pre-train_valid_total_loss": 1.365452527999878, "Pre-train_valid_adversarial_loss": 0.5793864727020264, "Pre-train_valid_orthogonal_loss": 0.00014687808288726956, "Pre-train_valid_discriminator_accuracy": 100.0, "_wandb": {"runtime": 13}}