{"Pre-train_training_task_loss": 0.9947516441345214, "epoch": 99, "_runtime": 92, "_timestamp": 1632747296, "_step": 1205, "Pre-train_training_task_measure": 60.333333333333336, "Pre-train_training_total_loss": 0.9947591781616211, "Pre-train_training_adversarial_loss": 0.007383763045072556, "Pre-train_training_orthogonal_loss": 1.934004103532061e-08, "Pre-train_training_discriminator_accuracy": 100.0, "Pre-train_valid_task_loss": 1.9933391571044923, "Pre-train_valid_task_measure": 33.8, "Pre-train_valid_total_loss": 1.9933464050292968, "Pre-train_valid_adversarial_loss": 0.007383507490158081, "Pre-train_valid_orthogonal_loss": 1.9224290781494346e-08, "Pre-train_valid_discriminator_accuracy": 100.0, "Pre-train_test_task_loss": 1.761021375656128, "Pre-train_test_task_measure": 6.0, "Pre-train_test_total_loss": 1.7610952854156494, "Pre-train_test_adversarial_loss": 0.07392381131649017, "Pre-train_test_orthogonal_loss": 3.247188828936487e-08, "Pre-train_test_discriminator_accuracy": 100.0, "_wandb": {"runtime": 92}}