{"Pre-train_training_task_loss": 1.1291004180908204, "epoch": 99, "_runtime": 95, "_timestamp": 1632746376, "_step": 1199, "Pre-train_training_task_measure": 55.333333333333336, "Pre-train_training_total_loss": 1.1291068077087403, "Pre-train_training_adversarial_loss": 0.006333435326814652, "Pre-train_training_orthogonal_loss": 1.3215883143402607e-08, "Pre-train_training_discriminator_accuracy": 100.0, "Pre-train_valid_task_loss": 1.9880456924438477, "Pre-train_valid_task_measure": 31.4, "Pre-train_valid_total_loss": 1.9880516052246093, "Pre-train_valid_adversarial_loss": 0.006334979832172394, "Pre-train_valid_orthogonal_loss": 1.3160196488115616e-08, "Pre-train_valid_discriminator_accuracy": 100.0, "_wandb": {"runtime": 96}}