{"Batch training acc": 0, "_runtime": 62, "_timestamp": 1632746247, "_step": 1320, "Pre-train_training_task_loss": 1.1289491653442383, "epoch": 64, "Pre-train_training_task_measure": 55.13333333333333, "Pre-train_training_total_loss": 1.1289616584777833, "Pre-train_training_adversarial_loss": 0.0124805748462677, "Pre-train_training_orthogonal_loss": 1.3210120641815592e-08, "Pre-train_training_discriminator_accuracy": 100.0, "Pre-train_valid_task_loss": 1.9815929412841797, "Pre-train_valid_task_measure": 31.8, "Pre-train_valid_total_loss": 1.981605339050293, "Pre-train_valid_adversarial_loss": 0.012483859807252884, "Pre-train_valid_orthogonal_loss": 1.3154482303434634e-08, "Pre-train_valid_discriminator_accuracy": 100.0, "_wandb": {"runtime": 62}}