{"Pre-train_training_task_loss": 1.248223876953125, "epoch": 99, "_runtime": 95, "_timestamp": 1632747731, "_step": 1205, "Pre-train_training_task_measure": 45.46666666666667, "Pre-train_training_total_loss": 1.248223876953125, "Pre-train_training_adversarial_loss": 0.07355839610099793, "Pre-train_training_orthogonal_loss": 0.0015879465267062188, "Pre-train_training_discriminator_accuracy": 100.0, "Pre-train_valid_task_loss": 1.9075544357299805, "Pre-train_valid_task_measure": 28.0, "Pre-train_valid_total_loss": 1.9075544357299805, "Pre-train_valid_adversarial_loss": 0.07384477853775025, "Pre-train_valid_orthogonal_loss": 0.0015265109948813915, "Pre-train_valid_discriminator_accuracy": 100.0, "Pre-train_test_task_loss": 1.7304482460021973, "Pre-train_test_task_measure": 8.0, "Pre-train_test_total_loss": 1.7304482460021973, "Pre-train_test_adversarial_loss": 0.00844632275402546, "Pre-train_test_orthogonal_loss": 0.14625176787376404, "Pre-train_test_discriminator_accuracy": 100.0, "_wandb": {"runtime": 96}}