{"Pre-train_training_task_loss": 1.6089668273925781, "epoch": 99, "_runtime": 94, "_timestamp": 1632747507, "_step": 1205, "Pre-train_training_task_measure": 19.4, "Pre-train_training_total_loss": 1.6089767456054687, "Pre-train_training_adversarial_loss": 0.009574972093105316, "Pre-train_training_orthogonal_loss": 5.221659012022428e-06, "Pre-train_training_discriminator_accuracy": 100.0, "Pre-train_valid_task_loss": 1.6092819213867187, "Pre-train_valid_task_measure": 19.8, "Pre-train_valid_total_loss": 1.6092918395996094, "Pre-train_valid_adversarial_loss": 0.009569747000932693, "Pre-train_valid_orthogonal_loss": 5.932528438279405e-06, "Pre-train_valid_discriminator_accuracy": 100.0, "Pre-train_test_task_loss": 1.6094167232513428, "Pre-train_test_task_measure": 20.0, "Pre-train_test_total_loss": 1.6094262599945068, "Pre-train_test_adversarial_loss": 0.009479522705078125, "Pre-train_test_orthogonal_loss": 3.4737036003207322e-06, "Pre-train_test_discriminator_accuracy": 100.0, "_wandb": {"runtime": 94}}